"0","# read the data we needed in groups"
"0","Food_Preparation_and_Serving<-data_needed[which(data_needed$Occupational_group=='Food Preparation and Serving'), ]"
"0","Media_and_Communication<-data_needed[which(data_needed$Occupational_group=='Media and Communication'), ]"
"0","Entertainment_and_Sports<-data_needed[which(data_needed$Occupational_group=='Entertainment and Sports'), ]"
"0","Arts_and_Design<-data_needed[which(data_needed$Occupational_group=='Arts and Design'), ]"
"0","# set the colors"
"0","cols=c('Food Preparation\nand Serving'=""#63B8FF"",'Media and\nCommunication'=""#8B2323"",'Entertainment\nand Sports'=""#008B00"", 'Arts and Design'=""#191970"")"
"0","# plot the figure"
"0","p<-ggplot()"
"0","p<-p+geom_point(aes(x=Food_Preparation_and_Serving$Occupational_openings,y=Food_Preparation_and_Serving$Median_annual_wage,colour=""Food Preparation\nand Serving""),size=2)"
"0","p<-p+geom_point(aes(x=Media_and_Communication$Occupational_openings,y=Media_and_Communication$Median_annual_wage,colour=""Media and\nCommunication""),size=2)"
"0","p<-p+geom_point(aes(x=Arts_and_Design$Occupational_openings,y=Arts_and_Design$Median_annual_wage,colour=""Arts and Design""),size=2)"
"0","p<-p+geom_point(aes(x=Entertainment_and_Sports$Occupational_openings,y=Entertainment_and_Sports$Median_annual_wage,colour=""Entertainment\nand Sports""),size=2)"
"0","p<-p+scale_colour_manual(name=""class"",values=cols)"
"0","p<-p+geom_hline(yintercept=38640, linetype=""dashed"")"
"0","p<-p+theme(panel.background=element_blank(),panel.grid.major=element_line(linetype = ""dotted"", color=""grey""),"
"0","           axis.line=element_line(size=0.5),legend.title=element_blank());"
"0","p<-p+scale_y_continuous(breaks=c(0,25000,50000,75000,100000),limits=c(0,100000),expand=c(0,0))"
"0","p<-p+scale_x_continuous(breaks=c(0,200000,400000,600000,800000,1000000),limits=c(0,1200000),expand=c(0,0))"
"0","# add the annotate"
"0","p<-p+annotate(""text"", x=850000, y=52000,label=""All occupations,"")"
"0","p<-p+annotate(""text"", x=950000, y=45000,label=""median annual wage = $38,640"")"
"0","p<-p+labs(x=""Annual average openings, projected 2018-28"",y=""Median annual wage, 2018"")"
"0","p<-p+theme(legend.position = ""top"")"
"0","p"
