"0","# load library"
"0","library(ggplot2)"
"2","Registered S3 method overwritten by 'dplyr':
  method           from
  print.rowwise_df     
"
"2","RStudio Community is a great place to get help: https://community.rstudio.com/c/tidyverse.
"
"0","library(ggmap)"
"2","Google's Terms of Service: https://cloud.google.com/maps-platform/terms/.
"
"2","Please cite ggmap if you use it! See citation(""ggmap"") for details.
"
"0","library(sp)"
"0","library(maptools)"
"2","Checking rgeos availability: FALSE
 	Note: when rgeos is not available, polygon geometry 	computations in maptools depend on gpclib,
 	which has a restricted licence. It is disabled by default;
 	to enable gpclib, type gpclibPermit()
"
"0","library(maps)"
"0","# read data"
"0","earthquakes<-read.csv(""all_month.csv"")"
"0","earthquakes.x<-earthquakes$longitude"
"0","earthquakes.y<-earthquakes$latitude "
"0","# plot world map"
"0","map<-NULL "
"0","world_map<-borders(""world"",colour = ""gray50"",fill=""white"")"
"0","map<-ggplot()+world_map+ylim(-60,90)"
"0","# plot the scatter figure for all the earthquakes"
"0","map2<-map+geom_point(aes(x=earthquakes.x,y=earthquakes.y),color=""red"")+scale_size(range=c(0,2))"
"0","map2"
