{"chunk_definitions":[{"chunk_id":"ck50r98f2wsu0","chunk_label":"unnamed-chunk-1","document_id":"CA48A77D","expansion_state":0,"options":{"engine":"r","label":"unnamed-chunk-1"},"row":20,"row_count":1,"visible":true},{"chunk_id":"cj4wr7ltznzvf","chunk_label":"unnamed-chunk-2","document_id":"CA48A77D","expansion_state":0,"options":{},"row":33,"row_count":1,"visible":true},{"chunk_id":"c1lk8wh92qjzp","chunk_label":"unnamed-chunk-3","document_id":"CA48A77D","expansion_state":0,"options":{},"row":84,"row_count":1,"visible":true},{"chunk_id":"cuaw2pphywoee","chunk_label":"unnamed-chunk-4","document_id":"CA48A77D","expansion_state":0,"options":{},"row":114,"row_count":1,"visible":true},{"chunk_id":"cg0l6dfiu4d0w","chunk_label":"unnamed-chunk-5","document_id":"CA48A77D","expansion_state":0,"options":{},"row":145,"row_count":1,"visible":true},{"chunk_id":"ci21tufqj5kd0","chunk_label":"unnamed-chunk-6","document_id":"CA48A77D","expansion_state":0,"options":{},"row":175,"row_count":1,"visible":true}],"doc_write_time":1574927291}