"0","# read the data we needed in groups"
"0","Legal<-data_needed[which(data_needed$Occupational_group=='Legal'), ]"
"0","Education_Training_and_Library<-data_needed[which(data_needed$Occupational_group=='Education, Training, and Library'), ]"
"0","Community_and_Social_Service<-data_needed[which(data_needed$Occupational_group=='Community and Social Service'), ]"
"0","Protective_Service<-data_needed[which(data_needed$Occupational_group=='Protective Service'), ]"
"0","# set the colors"
"0","cols=c('Legal'=""#191970"", 'Education, Training,\nand Library'=""#008B00"", 'Community and\nSocial Service'=""#8B2323"",'Protective Service'=""#63B8FF"")"
"0","# plot the figure"
"0","p<-ggplot()"
"0","p<-p+geom_point(aes(x=Education_Training_and_Library$Occupational_openings,y=Education_Training_and_Library$Median_annual_wage,colour=""Education, Training,\nand Library""),size=2)"
"0","p<-p+geom_point(aes(x=Protective_Service$Occupational_openings,y=Protective_Service$Median_annual_wage,colour=""Protective Service""),size=2)"
"0","p<-p+geom_point(aes(x=Community_and_Social_Service$Occupational_openings,y=Community_and_Social_Service$Median_annual_wage,colour=""Community and\nSocial Service""),size=2)"
"0","p<-p+geom_point(aes(x=Legal$Occupational_openings,y=Legal$Median_annual_wage,colour=""Legal""),size=2)"
"0",""
"0","p<-p+scale_colour_manual(name=""class"",values=cols)"
"0","p<-p+geom_hline(yintercept=38640, linetype=""dashed"")"
"0","p<-p+theme(panel.background=element_blank(),panel.grid.major=element_line(linetype = ""dotted"", color=""grey""),"
"0","           axis.line=element_line(size=0.5),legend.title=element_blank());"
"0","p<-p+scale_y_continuous(breaks=c(0,25000,50000,75000,100000,125000,150000),limits=c(0,150000),expand=c(0,0))"
"0","p<-p+scale_x_continuous(breaks=c(0,25000,50000,75000,100000,125000,150000),limits=c(0,160000),expand=c(0,0))"
"0","# add the annotate"
"0","p<-p+annotate(""text"", x=115600, y=52000,label=""All occupations,"")"
"0","p<-p+annotate(""text"", x=130000, y=45000,label=""median annual wage = $38,640"")"
"0","p<-p+labs(x=""Annual average openings, projected 2018-28"",y=""Median annual wage, 2018"")"
"0","p<-p+theme(legend.position = ""top"")"
"0","p"
