"0","# tranform the string to number "
"0","data_needed$Median_annual_wage<-as.numeric(data_needed$Median_annual_wage)"
"0","data_needed$Occupational_openings<-as.numeric(data_needed$Occupational_openings)*1000"
"0","# read the data we needed in groups"
"0","Computer_and_Information_Technology<-data_needed[which(data_needed$Occupational_group=='Computer and Information Technology'), ]"
"0","Architecture_and_Engineering<-data_needed[which(data_needed$Occupational_group=='Architecture and Engineering'), ]"
"0","Life_Physical_and_Social_Science<-data_needed[which(data_needed$Occupational_group=='Life, Physical, and Social Science'), ]"
"0","Math<-data_needed[which(data_needed$Occupational_group=='Math'), ]"
"0","# set the colors"
"0","cols=c('Computer and\nInformation Technology'=""#191970"", 'Architecture and\nEngineering'=""#008B00"", 'Life, Physical, and\nSocial Science'=""#8B2323"",'Math'=""#63B8FF"")"
"0","# plot the figure"
"0","p<-ggplot()"
"0","p<-p+geom_point(aes(x=Computer_and_Information_Technology$Occupational_openings,y=Computer_and_Information_Technology$Median_annual_wage,colour=""Computer and\nInformation Technology""),size=2)"
"0","p<-p+geom_point(aes(x=Architecture_and_Engineering$Occupational_openings,y=Architecture_and_Engineering$Median_annual_wage,colour=""Architecture and\nEngineering""),size=2)"
"0","p<-p+geom_point(aes(x=Life_Physical_and_Social_Science$Occupational_openings,y=Life_Physical_and_Social_Science$Median_annual_wage,colour=""Life, Physical, and\nSocial Science""),size=2)"
"0","p<-p+geom_point(aes(x=Math$Occupational_openings,y=Math$Median_annual_wage,colour=""Math""),size=2)"
"0","p<-p+scale_colour_manual(name=""class"",values=cols)"
"0","p<-p+geom_hline(yintercept=38640, linetype=""dashed"")"
"0","p<-p+theme(panel.background=element_blank(),panel.grid.major=element_line(linetype = ""dotted"", color=""grey""),"
"0","           axis.line=element_line(size=0.5),legend.title=element_blank());"
"0","p<-p+scale_y_continuous(breaks=c(0,25000,50000,75000,100000,125000,150000),limits=c(0,150000),expand=c(0,0))"
"0","p<-p+scale_x_continuous(breaks=c(0,25000,50000,75000,100000,125000),limits=c(0,150000),expand=c(0,0))"
"0","p<-p+annotate(""text"", x=108000, y=52000,label=""All occupations,"")"
"0","p<-p+annotate(""text"", x=120000, y=45000,label=""median annual wage = $38,640"")"
"0","p<-p+labs(x=""Annual average openings, projected 2018-28"",y=""Median annual wage, 2018"")"
"0","p<-p+theme(legend.position = ""top"")"
"0","p"
