"0","# read the data we needed in groups"
"0","Farming_Fishing_and_Forestry<-data_needed[which(data_needed$Occupational_group=='Farming, Fishing, and Forestry'), ]"
"0","Construction_and_Extraction<-data_needed[which(data_needed$Occupational_group=='Construction and Extraction'), ]"
"0","Installation_Maintenance_and_Repair<-data_needed[which(data_needed$Occupational_group=='Installation, Maintenance, and Repair'), ]"
"0","Production<-data_needed[which(data_needed$Occupational_group=='Production'), ]"
"0","# set the colors"
"0","cols=c('Farming Fishing\nandForestry'=""#191970"", 'Construction and\nExtraction'=""#008B00"", 'Installation Maintenance\nand Repair'=""#8B2323"",'Production'=""#63B8FF"")"
"0","# plot the figure"
"0","p<-ggplot()"
"0","p<-p+geom_point(aes(x=Construction_and_Extraction$Occupational_openings,y=Construction_and_Extraction$Median_annual_wage,colour=""Construction and\nExtraction""),size=2)"
"0","p<-p+geom_point(aes(x=Production$Occupational_openings,y=Production$Median_annual_wage,colour=""Production""),size=2)"
"0","p<-p+geom_point(aes(x=Installation_Maintenance_and_Repair$Occupational_openings,y=Installation_Maintenance_and_Repair$Median_annual_wage,colour=""Installation Maintenance\nand Repair""),size=2)"
"0","p<-p+geom_point(aes(x=Farming_Fishing_and_Forestry$Occupational_openings,y=Farming_Fishing_and_Forestry$Median_annual_wage,colour=""Farming Fishing\nandForestry""),size=2)"
"0","p<-p+scale_colour_manual(name=""class"",values=cols)"
"0","p<-p+geom_hline(yintercept=38640, linetype=""dashed"")"
"0","p<-p+theme(panel.background=element_blank(),panel.grid.major=element_line(linetype = ""dotted"", color=""grey""),"
"0","           axis.line=element_line(size=0.5),legend.title=element_blank());"
"0","p<-p+scale_y_continuous(breaks=c(0,25000,50000,75000,100000),limits=c(0,100000),expand=c(0,0))"
"0","p<-p+scale_x_continuous(breaks=c(0,50000,100000,150000,200000),limits=c(0,210000),expand=c(0,0))"
"0","# add the annotate"
"0","p<-p+annotate(""text"", x=150600, y=52000,label=""All occupations,"")"
"0","p<-p+annotate(""text"", x=170000, y=45000,label=""median annual wage = $38,640"")"
"0","p<-p+labs(x=""Annual average openings, projected 2018-28"",y=""Median annual wage, 2018"")"
"0","p<-p+theme(legend.position = ""top"")"
"0","p"
